Algorithm,Entropy,Hamming_Weight,Repeated,Size_Ratio,Encryption_Time_per_Byte,Decryption_Time_per_Byte
AES-CBC,5.420337500298146,0.492431640625,0,0.9999999999990234,0.0,0.0
AES-ECB,5.428403944932581,0.5013221153846154,0,1.0156249999990081,0.0,0.0
ChaCha20,5.4175564910524265,0.4979248046875,0,0.9999999999990234,0.0,0.0
RSA,5.460386181221285,0.5042317708333334,0,1.4999999999985352,0.0019499566405992538,0.0010624062269915695
Blowfish,5.40241589948324,0.49560546875,0,0.9999999999990234,0.0,0.0
AES-CBC,5.437863059879853,0.4932861328125,0,0.9999999999990234,0.0,0.0
AES-ECB,5.409423346555817,0.5003605769230769,0,1.0156249999990081,0.0,0.0
ChaCha20,5.409104970841177,0.4971923828125,0,0.9999999999990234,0.0,0.0
RSA,5.465536804829254,0.5028483072916666,0,1.4999999999985352,0.00092945992946534,0.0019504223018865612
Blowfish,5.4056158171005855,0.4906005859375,0,0.9999999999990234,0.0,0.0
AES-CBC,5.423574716814371,0.4991455078125,0,0.9999999999990234,0.0,0.0
AES-ECB,5.414116258403247,0.5018028846153846,0,1.0156249999990081,0.0,0.000975560396908761
ChaCha20,5.427244980214778,0.5047607421875,0,0.9999999999990234,0.0,0.0
RSA,5.4617591578843205,0.5030924479166666,0,1.4999999999985352,0.0,0.0019983854144792115
Blowfish,5.405149495041329,0.5028076171875,0,0.9999999999990234,0.0,0.0
AES-CBC,5.410798872449995,0.497314453125,0,0.9999999999990234,0.0,0.0
AES-ECB,5.422378995802495,0.503125,0,1.0156249999990081,0.0,0.0
ChaCha20,5.4126629681263845,0.505615234375,0,0.9999999999990234,0.0,0.0
RSA,5.451833843737898,0.4976399739583333,0,1.4999999999985352,0.0010565854609002286,0.001951819285748483
Blowfish,5.438068677201074,0.496337890625,0,0.9999999999990234,0.0,0.0
AES-CBC,5.41169730405938,0.505126953125,0,0.9999999999990234,0.0,0.0
AES-ECB,5.418609795951854,0.5115384615384615,0,1.0156249999990081,0.0,0.0
ChaCha20,5.430078013327277,0.5029296875,0,0.9999999999990234,0.0,0.0
RSA,5.450562773610798,0.495849609375,0,1.4999999999985352,0.0,0.0024503096938109314
Blowfish,5.398063199892585,0.504638671875,0,0.9999999999990234,0.0,0.0
AES-CBC,5.423876032480409,0.4974365234375,0,0.9999999999990234,0.0,0.0
AES-ECB,5.411919989100534,0.5042067307692307,0,1.0156249999990081,0.0,0.0
ChaCha20,5.432194525737012,0.508544921875,0,0.9999999999990234,0.0,0.0
RSA,5.45877753359272,0.4984537760416667,0,1.4999999999985352,0.0009478535503139776,0.0015464611351474916
Blowfish,5.391842324004885,0.492919921875,0,0.9999999999990234,0.0,0.0
AES-CBC,5.418057419722693,0.502685546875,0,0.9999999999990234,0.0,0.0
AES-ECB,5.423850136425574,0.4987980769230769,0,1.0156249999990081,0.0,0.0
ChaCha20,5.401629952905552,0.4991455078125,0,0.9999999999990234,0.0,0.0
RSA,5.459844748213173,0.4994303385416667,0,1.4999999999985352,0.000988598912953365,0.001576961949466119
Blowfish,5.409897884719566,0.50244140625,0,0.9999999999990234,0.0,0.0
AES-CBC,5.53175984782438,0.500048828125,0,0.9999999999999023,0.0,0.0
AES-ECB,5.534231809825111,0.5021694617784711,0,1.0015624999999022,0.0,0.0
ChaCha20,5.5320155999313325,0.49727783203125,0,0.9999999999999023,0.0,0.0
RSA,5.536656772350038,0.5008861400462963,0,1.3499999999998682,0.0002534827217459431,0.0015116762369869665
Blowfish,5.532741590217894,0.5009765625,0,0.9999999999999023,0.0,0.0
AES-CBC,5.53486989993416,0.49881591796875,0,0.9999999999999023,0.0,0.0
AES-ECB,5.533191018559831,0.4984155616224649,0,1.0015624999999022,0.0,0.0
ChaCha20,5.532146724490313,0.50067138671875,0,0.9999999999999023,0.0,0.0
RSA,5.53605674398316,0.4989149305555556,0,1.3499999999998682,0.0001948093995451736,0.0016010133549569474
Blowfish,5.532494699816619,0.50078125,0,0.9999999999999023,0.0,0.0
AES-CBC,5.533405208610075,0.502099609375,0,0.9999999999999023,0.0,0.0
AES-ECB,5.5327157156401086,0.5004753315132605,0,1.0015624999999022,0.0,0.0
ChaCha20,5.532399301796837,0.49962158203125,0,0.9999999999999023,0.0,0.0
RSA,5.535374803208213,0.4995840567129629,0,1.3499999999998682,0.00016323756426571206,0.001631560735404332
Blowfish,5.531967330912616,0.49901123046875,0,0.9999999999999023,0.0,0.0
AES-CBC,5.531505468939649,0.499462890625,0,0.9999999999999023,0.0,0.0
AES-ECB,5.531914478467187,0.4998659321372855,0,1.0015624999999022,0.0,0.0
ChaCha20,5.533449893442784,0.49927978515625,0,0.9999999999999023,0.0,0.0
RSA,5.535669117693711,0.4968352141203703,0,1.3499999999998682,0.00019464641809461598,0.0016585923731325437
Blowfish,5.531519183530255,0.50208740234375,0,0.9999999999999023,0.0,0.0
AES-CBC,5.533311914998134,0.50130615234375,0,0.9999999999999023,0.0,0.0
AES-ECB,5.53181226665101,0.5016941302652106,0,1.0015624999999022,0.0,0.0
ChaCha20,5.530980408313576,0.501953125,0,0.9999999999999023,0.0,0.0
RSA,5.535318752447454,0.5024594907407407,0,1.3499999999998682,0.00020596198737619296,0.001557660289108601
Blowfish,5.532595964418794,0.498193359375,0,0.9999999999999023,9.818468242882723e-05,0.0
AES-CBC,5.5318460391474655,0.4995361328125,0,0.9999999999999023,0.0,0.0
AES-ECB,5.532818184239277,0.5025472893915757,0,1.0015624999999022,0.0,0.0
ChaCha20,5.531951163383623,0.49986572265625,0,0.9999999999999023,0.0,0.0
RSA,5.535832776529636,0.4984718605324074,0,1.3499999999998682,0.00010610092431305802,0.0015940982848404281
Blowfish,5.533095227466863,0.4990234375,0,0.9999999999999023,0.0,0.0
AES-CBC,5.533884039276188,0.497021484375,0,0.9999999999999023,0.0,0.0
AES-ECB,5.533862857581285,0.5007678432137286,0,1.0015624999999022,0.0,0.0
ChaCha20,5.531683298554833,0.4999755859375,0,0.9999999999999023,0.0,0.0
RSA,5.5355511654017935,0.4996473524305556,0,1.3499999999998682,0.00032058451324698176,0.0019595492631195063
Blowfish,5.534374216030015,0.49853515625,0,0.9999999999999023,5.324836820363478e-05,0.0
AES-CBC,5.543956489152678,0.50019287109375,0,0.9999999999999902,4.996545612811993e-06,0.0
AES-ECB,5.543885157775287,0.5010215688954851,0,1.00015624999999,0.0,0.0
ChaCha20,5.543846292509063,0.5003955078125,0,0.9999999999999902,0.0,0.0
RSA,5.544291213737627,0.4999320573399815,0,1.3474999999999868,0.00023533822968601956,0.0016523594968020753
Blowfish,5.544005512607336,0.500313720703125,0,0.9999999999999902,9.764917194843197e-06,9.923242032527827e-06
AES-CBC,5.543951259523757,0.499447021484375,0,0.9999999999999902,0.0,0.0
AES-ECB,5.5441958752911695,0.4997803077644118,0,1.00015624999999,0.0,0.0
ChaCha20,5.543933241820475,0.500623779296875,0,0.9999999999999902,0.0,0.0
RSA,5.54420778096307,0.4992499130333951,0,1.3474999999999868,0.00018619466572999778,0.0014975410886108728
Blowfish,5.543953910771359,0.49946044921875,0,0.9999999999999902,9.662471711635495e-06,9.664800018072035e-06
AES-CBC,5.543851259896101,0.50078125,0,0.9999999999999902,0.0,0.0
AES-ECB,5.543795880385562,0.4998401128729886,0,1.00015624999999,0.0,0.0
ChaCha20,5.544026074179196,0.50033935546875,0,0.9999999999999902,0.0,9.341165423393158e-06
RSA,5.544346633981837,0.4998867622333024,0,1.3474999999999868,0.0001949607394635658,0.0015354366041719764
Blowfish,5.544098344857797,0.4995068359375,0,0.9999999999999902,9.834766387939357e-06,1.0118819773197074e-05
AES-CBC,5.544127543496888,0.498599853515625,0,0.9999999999999902,9.783543646335505e-06,0.0
AES-ECB,5.543703962993482,0.4995325437431651,0,1.00015624999999,9.77423042058935e-06,0.0
ChaCha20,5.543981939909145,0.5,0,0.9999999999999902,0.0,0.0
RSA,5.544120439408003,0.4999845996637291,0,1.3474999999999868,0.00018341932445764363,0.001670054625719769
Blowfish,5.544126439077184,0.5003955078125,0,0.9999999999999902,0.0,1.5555415302514877e-05
AES-CBC,5.544051148129148,0.500020751953125,0,0.9999999999999902,0.0,0.0
AES-ECB,5.544019315675817,0.4997839693016716,0,1.00015624999999,0.0,0.0
ChaCha20,5.543910019720821,0.499677734375,0,0.9999999999999902,0.0,0.0
RSA,5.544312654575647,0.499848714343692,0,1.3474999999999868,0.00020975712686776912,0.0016473326832055885
Blowfish,5.543877892153585,0.500218505859375,0,0.9999999999999902,8.9826062321662e-06,1.058448106050481e-05
AES-CBC,5.544073035726101,0.5002783203125,0,0.9999999999999902,0.0,0.0
AES-ECB,5.543895378277002,0.4994556514607092,0,1.00015624999999,0.0,0.0
ChaCha20,5.544069783714363,0.499857177734375,0,0.9999999999999902,9.77655872702589e-06,0.0
RSA,5.544004574655235,0.4999800701530612,0,1.3474999999999868,0.00019145198166370205,0.0014946400187909456
Blowfish,5.543987757543119,0.500643310546875,0,0.9999999999999902,9.820796549320124e-06,9.748619049787426e-06
AES-CBC,5.543961090104746,0.499444580078125,0,0.9999999999999902,0.0,0.0
AES-ECB,5.543982997441463,0.5001659896891111,0,1.00015624999999,0.0,0.0
ChaCha20,5.543889908107607,0.499093017578125,0,0.9999999999999902,0.0,0.0
RSA,5.544422964582796,0.4996675339169759,0,1.3474999999999868,0.0002072355709969977,0.0016513071022927598
Blowfish,5.543902557936932,0.4996728515625,0,0.9999999999999902,0.0,1.049600541591634e-05
AES-CBC,5.545053849419986,0.5001389980316162,0,0.9999999999999991,1.916305336635558e-06,1.9881554180756194e-06
AES-ECB,5.545054023437656,0.5001155120390008,0,1.0000152587890616,0.0,1.5197656466625618e-06
ChaCha20,5.5450594973786345,0.4997036457061767,0,0.9999999999999991,0.0,1.5190835256362321e-06
RSA,5.545084172226194,0.4999447045150842,0,1.347412109374999,0.00023930510906211544,0.001603695636731571
Blowfish,5.545038914810887,0.4999666213989258,0,0.9999999999999991,8.675215212861068e-06,8.121332939481356e-06
AES-CBC,5.545051551059759,0.5002137422561646,0,0.9999999999999991,9.538325684843579e-07,1.0338681022403755e-06
AES-ECB,5.545036579431836,0.4999792579001175,0,1.0000152587890616,9.135874279309055e-07,9.481482265982768e-07
ChaCha20,5.545072258341259,0.4999005794525146,0,0.9999999999999991,1.1420979717513536e-06,0.0
RSA,5.545069206031119,0.4998001399993205,0,1.347412109374999,0.00018468608686816854,0.0015519192402280156
Blowfish,5.545047775200668,0.4998661279678345,0,0.9999999999999991,1.0070834832731626e-05,8.622009772807351e-06
AES-CBC,5.545054766924224,0.5001239776611328,0,0.9999999999999991,1.5174919099081293e-06,1.2721557141048823e-06
AES-ECB,5.545040842821168,0.4999135745838229,0,1.0000152587890616,9.656559996074057e-07,9.558789315633467e-07
ChaCha20,5.545064999221214,0.5000497102737427,0,0.9999999999999991,8.733422873774536e-07,0.0
RSA,5.545077693592168,0.4995930252310201,0,1.347412109374999,0.00020096990738238655,0.0015054486084409278
Blowfish,5.545050506456963,0.4998054504394531,0,0.9999999999999991,8.882580004865295e-06,7.808694135746912e-06
AES-CBC,5.545060262370285,0.5001269578933716,0,0.9999999999999991,1.5184014046099024e-06,1.991566023207268e-06
AES-ECB,5.545057079153434,0.5001308898027068,0,1.0000152587890616,1.4379111235029983e-06,0.0
ChaCha20,5.545046803929578,0.5000091791152954,0,0.9999999999999991,0.0,9.556515578879035e-07
RSA,5.545095736720439,0.4995807275151748,0,1.347412109374999,0.00018014270608546201,0.0015284074379451327
Blowfish,5.545069657537631,0.4999608993530273,0,0.9999999999999991,8.25320967123843e-06,8.432834874838584e-06
AES-CBC,5.545038165346515,0.4998342990875244,0,0.9999999999999991,9.802079148357726e-07,1.90448190551251e-06
AES-ECB,5.545052325555767,0.5001782151685308,0,1.0000152587890616,9.538325684843579e-07,9.55196810537017e-07
ChaCha20,5.545050274796228,0.4999722242355346,0,0.9999999999999991,0.0,9.570157999405629e-07
RSA,5.545082586390164,0.4997029084186447,0,1.347412109374999,0.00018898299458669482,0.0015796063053130625
Blowfish,5.545053485046669,0.4999246597290039,0,0.9999999999999991,8.569486453779966e-06,7.161588655435473e-06
AES-CBC,5.545068505732205,0.5002878904342651,0,0.9999999999999991,1.9276740204077197e-06,9.80662662186659e-07
AES-ECB,5.545058090148546,0.5001238565619421,0,1.0000152587890616,0.0,9.595169103704384e-07
ChaCha20,5.545061743035039,0.500328540802002,0,0.9999999999999991,9.674749890109516e-07,0.0
RSA,5.545089683634814,0.5000372470386393,0,1.347412109374999,0.00018376567822997442,0.0015365367289632546
Blowfish,5.54505209257556,0.4999699592590332,0,0.9999999999999991,8.665665518492452e-06,8.294819053844542e-06
AES-CBC,5.545046075059316,0.5000344514846802,0,0.9999999999999991,1.027729013003408e-06,1.520902515039778e-06
AES-ECB,5.545049673087807,0.4999837877839999,0,1.0000152587890616,9.52240952756255e-07,0.0
ChaCha20,5.545032355406841,0.4998365640640259,0,0.9999999999999991,0.0,9.720224625198162e-07
RSA,5.545076068222219,0.4997958048333031,0,1.347412109374999,0.00019152093955199218,0.0015137761693040362
Blowfish,5.54504330102791,0.4998735189437866,0,0.9999999999999991,8.38326741359196e-06,8.669303497299545e-06
AES-CBC,5.545154825172553,0.4999370574951172,0,0.9999999999999998,1.8630544218467544e-06,1.7494130588602273e-06
AES-ECB,5.545152275923654,0.5000696656962107,0,1.0000030517578122,3.848072083201259e-07,9.789800969883797e-07
ChaCha20,5.545156576080864,0.5000046968460083,0,0.9999999999999998,6.721620593452826e-07,5.726178642362355e-07
RSA,5.545153557635151,0.499788532371127,0,1.3474121093749998,0.0001845026417868212,0.001584855954206432
Blowfish,5.545153559848363,0.4998654365539551,0,0.9999999999999998,8.968618203653021e-06,8.324468581122345e-06
AES-CBC,5.545151173077419,0.5000291347503663,0,0.9999999999999998,1.2592863640747962e-06,2.4036125978454943e-06
AES-ECB,5.545151958939207,0.5000750777814399,0,1.0000030517578122,5.717538442695512e-07,9.606083040125666e-07
ChaCha20,5.5451489950509885,0.5001175403594971,0,0.9999999999999998,5.718447937397285e-07,4.787125362781807e-07
RSA,5.545153329914955,0.4998348744111252,0,1.3474121093749998,0.00019438089111645238,0.00154564449985628
Blowfish,5.545152443347245,0.5001431465148926,0,0.9999999999999998,9.054201655089854e-06,8.48185663926415e-06
AES-CBC,5.5451538654984445,0.4998656034469604,0,0.9999999999999998,1.2915279512526465e-06,1.4264060155255718e-06
AES-ECB,5.545156954569315,0.4999413730503141,0,1.0000030517578122,5.027231964049859e-07,1.0710664355428887e-06
ChaCha20,5.545148225399958,0.4999215126037598,0,0.9999999999999998,5.723904905607923e-07,6.712980393785982e-07
RSA,5.545155290540395,0.4998072532105,0,1.3474121093749998,0.00018351029211771672,0.0015468430774490114
Blowfish,5.545150818044868,0.4999473333358765,0,0.9999999999999998,8.861979949870147e-06,8.43851921672467e-06
AES-CBC,5.545150089889541,0.5001134634017944,0,0.9999999999999998,1.2944838090334085e-06,1.547778083477169e-06
AES-ECB,5.545155152440159,0.4998683933459675,0,1.0000030517578122,5.099082045489921e-07,7.744802132947369e-07
ChaCha20,5.545154153699827,0.4998629093170166,0,0.9999999999999998,5.498804966919123e-07,6.723439582856371e-07
RSA,5.5451609364413645,0.4998921693807755,0,1.3474121093749998,0.0001865912963694427,0.0015413592791446715
Blowfish,5.545153552714506,0.4999879121780395,0,0.9999999999999998,8.815050023258662e-06,8.416418495471588e-06
AES-CBC,5.545153321864133,0.4999345779418945,0,0.9999999999999998,1.5901150618446989e-06,1.5420482668559996e-06
AES-ECB,5.54515054446492,0.4997735507246377,0,1.0000030517578122,4.942648956784977e-07,8.930328476708381e-07
ChaCha20,5.545152143933585,0.5000715017318725,0,0.9999999999999998,7.026301318546756e-07,5.691163096344097e-07
RSA,5.545157915783177,0.4998047051945551,0,1.3474121093749998,0.00018506639207771514,0.0015489034922211429
Blowfish,5.545153599940047,0.4998591661453247,0,0.9999999999999998,8.670895113027653e-06,8.501365300617179e-06
AES-CBC,5.545154431821172,0.5000245809555054,0,0.9999999999999998,1.5356818039435891e-06,1.8284026737092059e-06
AES-ECB,5.545153421507171,0.4998598579868836,0,1.0000030517578122,4.892626748187466e-07,7.632934284629299e-07
ChaCha20,5.5451537721988,0.5000056982040405,0,0.9999999999999998,3.985405783168971e-07,7.091784937074407e-07
RSA,5.545155648445984,0.4998531882757293,0,1.3474121093749998,0.00018447217371431177,0.0015917466043902093
Blowfish,5.545154674795271,0.4999071598052979,0,0.9999999999999998,1.1803467714344148e-05,8.366441761609165e-06
AES-CBC,5.54515026885332,0.4999169588088989,0,0.9999999999999998,1.3767021300736813e-06,1.5348632587119935e-06
AES-ECB,5.545152257322723,0.4999470235533949,0,1.0000030517578122,4.9990376282949e-07,7.63930074754171e-07
ChaCha20,5.545154186058289,0.4998846292495728,0,0.9999999999999998,6.54608811601065e-07,7.622475095558912e-07
RSA,5.545158270596678,0.4997999630537688,0,1.3474121093749998,0.00018870396161219102,0.001670650999585632
Blowfish,5.54515093145559,0.5000333309173584,0,0.9999999999999998,9.511495591141282e-06,8.566394171793943e-06
AES-CBC,5.545166689252683,0.4999707341194153,0,0.9999999999999998,1.995636011997703e-06,2.059027792711276e-06
AES-ECB,5.545164550976837,0.500071179758179,0,1.0000015258789061,6.273467079154215e-07,1.311536834691651e-06
ChaCha20,5.54516593368146,0.4999662041664123,0,0.9999999999999998,7.823246050975284e-07,6.213667802512645e-07
RSA,5.545165107938339,0.4998723668609233,0,1.3473876953124997,0.00021036571524746248,0.0017285787635046288
Blowfish,5.545163880308874,0.4999600052833557,0,0.9999999999999998,9.13391886570025e-06,8.415463526034726e-06
AES-CBC,5.545164839227914,0.4998933672904968,0,0.9999999999999998,1.4953457139199598e-06,1.8715809346758765e-06
AES-ECB,5.545164425897249,0.4999049307366474,0,1.0000015258789061,8.819370123092084e-07,1.026205609377939e-06
ChaCha20,5.545165416365013,0.5000752568244934,0,0.9999999999999998,6.21616891294252e-07,5.740048436564392e-07
RSA,5.54516697281287,0.4999397489479334,0,1.3473876953124997,0.00020173361008346544,0.0017573100649315163
Blowfish,5.545165838795243,0.5000113368034362,0,0.9999999999999998,8.669167073094284e-06,8.038409760047214e-06
AES-CBC,5.545164733282449,0.4999576330184936,0,0.9999999999999998,1.5186742530204354e-06,1.440344021830242e-06
AES-ECB,5.545164594680516,0.4999658823533899,0,1.0000015258789061,4.91536411573179e-07,1.1557858670130368e-06
ChaCha20,5.545165616460829,0.4999686002731323,0,0.9999999999999998,7.03994373907335e-07,6.65090738038998e-07
RSA,5.545161993527146,0.4997121574555165,0,1.3473876953124997,0.00018588191323942735,0.001655332857808389
Blowfish,5.545164814237841,0.4999606847763062,0,0.9999999999999998,9.047789717442354e-06,8.657480066176502e-06
AES-CBC,5.545165857126555,0.4999489903450012,0,0.9999999999999998,1.7705815480439922e-06,1.6028025129344312e-06
AES-ECB,5.545165430757541,0.5000507353962167,0,1.0000015258789061,5.737547326134517e-07,8.146344043780117e-07
ChaCha20,5.545166020589103,0.4999877333641052,0,0.9999999999999998,2.2061385607230473e-06,1.0606299838400444e-06
RSA,5.545168190148329,0.4997740364361557,0,1.3473876953124997,0.00022253423139773074,0.0015716316738689782
Blowfish,5.545165933667005,0.500060498714447,0,0.9999999999999998,9.143400347966235e-06,8.089068614935966e-06
AES-CBC,5.5451654858376624,0.500043249130249,0,0.9999999999999998,1.634589352761395e-06,1.3962790035293435e-06
AES-ECB,5.545164106998758,0.5000105857687596,0,1.0000015258789061,4.772346073877997e-07,9.629502528696317e-07
ChaCha20,5.545166172325018,0.5000269412994385,0,0.9999999999999998,5.724587026634253e-07,6.229356586118228e-07
RSA,5.545166776012699,0.4998686332421316,0,1.3473876953124997,0.00021101595848449503,0.0015737872672616502
Blowfish,5.545165207179577,0.5000290870666504,0,0.9999999999999998,8.635993253847117e-06,8.148958841047714e-06
AES-CBC,5.545165628741102,0.4999951243400574,0,0.9999999999999998,1.5939576769596895e-06,1.443027031200472e-06
AES-ECB,5.545166568732096,0.499994361409208,0,1.0000015258789061,5.26574694958981e-07,8.629740477772429e-07
ChaCha20,5.545166616972388,0.4999419450759887,0,0.9999999999999998,6.579966793651692e-07,6.919208317412994e-07
RSA,5.545164476202721,0.4997271980999384,0,1.3473876953124997,0.00021758212369604727,0.0016873031881914355
Blowfish,5.545166746638882,0.4999468564987183,0,0.9999999999999998,9.096447683987206e-06,8.193023859348612e-06
AES-CBC,5.545166563963917,0.4999538064002991,0,0.9999999999999998,1.7037791621987706e-06,1.6330659491359254e-06
AES-ECB,5.545164450134852,0.5000393628473467,0,1.0000015258789061,6.430809662560931e-07,1.4102397472015582e-06
ChaCha20,5.545165189527892,0.4999634623527527,0,0.9999999999999998,1.850025910243858e-06,5.944002623436971e-07
RSA,5.54516599936965,0.4998297664474578,0,1.3473876953124997,0.00019032213458558542,0.001671440782047284
Blowfish,5.545166424093202,0.5000092148780823,0,0.9999999999999998,8.887923286238218e-06,7.962398740346542e-06
AES-CBC,5.424486208875294,0.5040283203125,1,0.9999999999990234,0.0,0.0
AES-ECB,2.852075725442819,0.4469951923076923,1,1.0156249999990081,0.0,0.0
ChaCha20,5.40398051639923,0.501953125,1,0.9999999999990234,0.0,0.0
RSA,5.459744833635259,0.4982096354166667,1,1.4999999999985352,0.0010677613317956033,0.0009646173566570399
Blowfish,5.406510533924852,0.500244140625,1,0.9999999999990234,0.0,0.0
AES-CBC,5.386629945622016,0.49951171875,1,0.9999999999990234,0.0,0.0
AES-ECB,2.852075725442819,0.5150240384615384,1,1.0156249999990081,0.0,0.0
ChaCha20,5.423555260748124,0.4925537109375,1,0.9999999999990234,0.0,0.0
RSA,5.464283489825313,0.5054524739583334,1,1.4999999999985352,0.0008884817361822987,0.0020249281078557266
Blowfish,5.423235758703985,0.498046875,1,0.9999999999990234,0.0,0.0
AES-CBC,5.399994102629004,0.499755859375,1,0.9999999999990234,0.0,0.0
AES-ECB,2.8408068746952075,0.5069711538461539,1,1.0156249999990081,0.0,0.0
ChaCha20,5.428315236137003,0.5013427734375,1,0.9999999999990234,0.0,0.0
RSA,5.45032725174644,0.502197265625,1,1.4999999999985352,0.0,0.0025383196771120078
Blowfish,5.4146741578670605,0.5008544921875,1,0.9999999999990234,0.0,0.0
AES-CBC,5.4199033496952325,0.5072021484375,1,0.9999999999990234,0.0,0.0
AES-ECB,2.760464390172635,0.4770432692307692,1,1.0156249999990081,0.0,0.0
ChaCha20,5.400324040365764,0.4996337890625,1,0.9999999999990234,0.0,0.0
RSA,5.451229654596352,0.4940592447916667,1,1.4999999999985352,0.0,0.0023848842829442577
Blowfish,5.405177708271882,0.5101318359375,1,0.9999999999990234,0.0,0.0
AES-CBC,5.423003965924989,0.4923095703125,1,0.9999999999990234,0.0,0.0
AES-ECB,2.755496452472445,0.4986778846153846,1,1.0156249999990081,0.0,0.0
ChaCha20,5.409702405274871,0.4962158203125,1,0.9999999999990234,0.0,0.0
RSA,5.450939563953567,0.50341796875,1,1.4999999999985352,0.0,0.0018717255443316302
Blowfish,5.405509430585775,0.4989013671875,1,0.9999999999990234,0.0,0.0
AES-CBC,5.435282220734277,0.497802734375,1,0.9999999999990234,0.0,0.0
AES-ECB,2.847107787742628,0.5614182692307692,1,1.0156249999990081,0.0,0.0
ChaCha20,5.414593042139298,0.5015869140625,1,0.9999999999990234,0.0,0.0
RSA,5.468101399981174,0.4981282552083333,1,1.4999999999985352,0.0,0.0019760336726884617
Blowfish,5.414231911238108,0.4970703125,1,0.9999999999990234,0.0,0.0
AES-CBC,5.4122264360259535,0.4951171875,1,0.9999999999990234,0.0,0.0
AES-ECB,2.8412727631385475,0.5227163461538461,1,1.0156249999990081,0.0,0.0
ChaCha20,5.402639894722057,0.48828125,1,0.9999999999990234,0.0,0.0
RSA,5.46103676220725,0.5000813802083334,1,1.4999999999985352,0.0,0.0026177149265978997
Blowfish,5.395479513791591,0.498291015625,1,0.9999999999990234,0.0,0.0
AES-CBC,5.5314415324112485,0.49991455078125,1,0.9999999999999023,0.0,0.0
AES-ECB,2.782047349111269,0.429760627925117,1,1.0015624999999022,0.0,0.0
ChaCha20,5.534042104526506,0.5002197265625,1,0.9999999999999023,0.0,0.0
RSA,5.536927768867885,0.4994574652777778,1,1.3499999999998682,0.00025329645723102,0.001903413794934564
Blowfish,5.532295359801509,0.499267578125,1,0.9999999999999023,0.0,0.0
AES-CBC,5.533388845783865,0.49913330078125,1,0.9999999999999023,0.0,0.0
AES-ECB,2.6969944695272057,0.507763748049922,1,1.0015624999999022,0.0,0.0
ChaCha20,5.534160984414271,0.500390625,1,0.9999999999999023,0.0,0.0
RSA,5.5339493030121645,0.4998101128472222,1,1.3499999999998682,0.0001954147592186737,0.0017450889572499478
Blowfish,5.531584584007063,0.4979736328125,1,0.9999999999999023,0.0,0.0
AES-CBC,5.532872276133345,0.499267578125,1,0.9999999999999023,0.0,0.0
AES-ECB,2.7827750996068628,0.437646255850234,1,1.0015624999999022,0.0,0.0
ChaCha20,5.53348699068828,0.4987060546875,1,0.9999999999999023,0.0,0.0
RSA,5.535070591861583,0.4993941695601852,1,1.3499999999998682,0.00019590370357034677,0.0015935627743600242
Blowfish,5.534514674358558,0.49803466796875,1,0.9999999999999023,0.0,0.0
AES-CBC,5.530054173858302,0.4973388671875,1,0.9999999999999023,0.0,0.0
AES-ECB,2.6969944695272057,0.4922728159126365,1,1.0015624999999022,0.0,0.0
ChaCha20,5.532047502833494,0.50174560546875,1,0.9999999999999023,0.0,0.0
RSA,5.536105905161941,0.5028573495370371,1,1.3499999999998682,0.00025643967092034696,0.0015896512195466396
Blowfish,5.532135894577694,0.50023193359375,1,0.9999999999999023,0.0,0.0
AES-CBC,5.532983194333096,0.501953125,1,0.9999999999999023,0.0,0.0
AES-ECB,2.784230296373588,0.554614372074883,1,1.0015624999999022,0.0,9.802170097826952e-05
ChaCha20,5.532750245025735,0.50216064453125,1,0.9999999999999023,0.0,0.0
RSA,5.535879420879202,0.5021158854166666,1,1.3499999999998682,0.0001961365342140006,0.0015771249309180625
Blowfish,5.532974443809001,0.50015869140625,1,0.9999999999999023,0.0,0.0
AES-CBC,5.532799014142094,0.501220703125,1,0.9999999999999023,0.0,0.0
AES-ECB,2.7827750996068628,0.5546021840873635,1,1.0015624999999022,0.0,0.0
ChaCha20,5.532939914561256,0.50357666015625,1,0.9999999999999023,0.0,0.0
RSA,5.536228847280247,0.4993580005787037,1,1.3499999999998682,0.0002535060048103085,0.0015904195606706972
Blowfish,5.531997849329329,0.4998291015625,1,0.9999999999999023,0.0,0.0
AES-CBC,5.532798078302658,0.49857177734375,1,0.9999999999999023,0.0,0.0
AES-ECB,2.6104862410641863,0.499975624024961,1,1.0015624999999022,0.0,0.0
ChaCha20,5.531189530454864,0.5010009765625,1,0.9999999999999023,0.0,0.0
RSA,5.535079433818128,0.5003074363425926,1,1.3499999999998682,0.0001952284947037506,0.0017157988622782938
Blowfish,5.532211620031061,0.49932861328125,1,0.9999999999999023,9.788200259207722e-05,0.0
AES-CBC,5.543990564902693,0.500582275390625,1,0.9999999999999902,0.0,0.0
AES-ECB,2.77411412942464,0.4453332487111389,1,1.00015624999999,0.0,0.0
ChaCha20,5.543983625403738,0.500426025390625,1,0.9999999999999902,0.0,0.0
RSA,5.544213642787678,0.5009176788613172,1,1.3474999999999868,0.00018428079783916292,0.0016118562780320486
Blowfish,5.543869209600877,0.49943603515625,1,0.9999999999999902,1.0277144610881705e-05,1.0102521628141305e-05
AES-CBC,5.5441046930809,0.49988525390625,1,0.9999999999999902,0.0,0.0
AES-ECB,2.773923453526532,0.5078161615372598,1,1.00015624999999,0.0,0.0
ChaCha20,5.543961853431121,0.49909423828125,1,0.9999999999999902,0.0,9.42498445510855e-06
RSA,5.544396190474053,0.4995995912569573,1,1.3474999999999868,0.00017454149201512166,0.0015496998094022122
Blowfish,5.543889281932801,0.49943359375,1,0.9999999999999902,1.5473924577236023e-05,0.0
AES-CBC,5.543856280473858,0.500064697265625,1,0.9999999999999902,0.0,0.0
AES-ECB,2.687388929821476,0.4374963384627402,1,1.00015624999999,0.0,0.0
ChaCha20,5.543913426717963,0.500272216796875,1,0.9999999999999902,0.0,0.0
RSA,5.544386310574813,0.5002563703038033,1,1.3474999999999868,0.00016678124666213827,0.0015130615793168397
Blowfish,5.544031542968879,0.499813232421875,1,0.9999999999999902,0.0,1.2204982340335726e-05
AES-CBC,5.544203738052463,0.500435791015625,1,0.9999999999999902,0.0,1.0309740900993246e-05
AES-ECB,2.77411412942464,0.5546765153882206,1,1.00015624999999,0.0,0.0
ChaCha20,5.543815121771462,0.500675048828125,1,0.9999999999999902,0.0,0.0
RSA,5.544340108818025,0.5000434833024119,1,1.3474999999999868,0.00020339386537670889,0.0015926896594464623
Blowfish,5.544010035901806,0.499921875,1,0.9999999999999902,9.816139936447047e-06,1.0640360414981737e-05
AES-CBC,5.54378877787186,0.500433349609375,1,0.9999999999999902,9.050127118825824e-06,0.0
AES-ECB,2.5140338685642023,0.5156164564130604,1,1.00015624999999,0.0,0.0
ChaCha20,5.543944255354298,0.4996728515625,1,0.9999999999999902,0.0,0.0
RSA,5.544211824795827,0.5002210401205937,1,1.3474999999999868,0.00020949402824044022,0.0015393598005175439
Blowfish,5.543913483086215,0.499036865234375,1,0.9999999999999902,9.77423042058935e-06,9.771902114152812e-06
AES-CBC,5.544105667938948,0.499530029296875,1,0.9999999999999902,0.0,0.0
AES-ECB,2.774018791475586,0.4453247051241993,1,1.00015624999999,0.0,8.973293006420049e-06
ChaCha20,5.544087453054997,0.49908447265625,1,0.9999999999999902,0.0,0.0
RSA,5.54424087503357,0.5001929571544527,1,1.3474999999999868,0.0001988606527447681,0.0017273006960749457
Blowfish,5.543764568729007,0.5004296875,1,0.9999999999999902,1.2381933629512665e-05,9.259674698114304e-06
AES-CBC,5.543775202252769,0.50014404296875,1,0.9999999999999902,0.0,0.0
AES-ECB,2.60085440611642,0.4687414564130605,1,1.00015624999999,0.0,0.0
ChaCha20,5.544115526949022,0.499090576171875,1,0.9999999999999902,0.0,0.0
RSA,5.544229317888058,0.4988947993970315,1,1.3474999999999868,0.00022805295884608997,0.0019126106053590592
Blowfish,5.544165853917236,0.4987255859375,1,0.9999999999999902,9.753275662660502e-06,9.764917194843197e-06
AES-CBC,5.545056467360846,0.4999114274978637,1,0.9999999999999991,1.672106009209527e-06,1.4633769751526403e-06
AES-ECB,2.686118276053905,0.5312490463402353,1,1.0000152587890616,0.0,1.5190835256362321e-06
ChaCha20,5.545060904004592,0.5000901222229004,1,0.9999999999999991,9.540599421598009e-07,9.94305082713253e-07
RSA,5.545077265897305,0.4997023775819895,1,1.347412109374999,0.0001991681983781744,0.001561049202791763
Blowfish,5.545057478077333,0.4999123811721802,1,0.9999999999999991,8.292317943414666e-06,7.913286026450799e-06
AES-CBC,5.545073025191411,0.4996919631958008,1,0.9999999999999991,9.540599421598009e-07,2.4028850020840743e-06
AES-ECB,2.6861311281993334,0.4921872615850588,1,1.0000152587890616,0.0,1.0390976967755697e-06
ChaCha20,5.545054528581739,0.4995944499969482,1,0.9999999999999991,0.0,1.0281837603542945e-06
RSA,5.545083130216581,0.4998801193887026,1,1.347412109374999,0.0001958057964657199,0.0016322405826940652
Blowfish,5.545052468331855,0.4998261928558349,1,0.9999999999999991,7.632934284629293e-06,8.117240213323378e-06
AES-CBC,5.545054658812375,0.4999388456344604,1,0.9999999999999991,1.0038547770818687e-06,1.5129444363992649e-06
AES-ECB,2.772773203716174,0.5312494039626471,1,1.0000152587890616,0.0,1.4358647604240092e-06
ChaCha20,5.54505204530062,0.4998127222061157,1,0.9999999999999991,0.0,9.583800419932223e-07
RSA,5.545080973721133,0.4997036162008516,1,1.347412109374999,0.0002090785073960431,0.0016627884633635388
Blowfish,5.54503771122865,0.5000758171081543,1,0.9999999999999991,8.602683010394675e-06,9.277073331759303e-06
AES-CBC,5.545049127356858,0.4999061822891235,1,0.9999999999999991,1.081843947758897e-06,1.911757863126693e-06
AES-ECB,2.7727616736238976,0.5078134536597647,1,1.0000152587890616,9.290488378610453e-07,1.0572875908110282e-06
ChaCha20,5.545025537017888,0.5001016855239868,1,0.9999999999999991,9.506493370281524e-07,0.0
RSA,5.545100098432455,0.4999240903583076,1,1.347412109374999,0.00021941559680271875,0.001663236844251513
Blowfish,5.545045061304595,0.5002959966659546,1,0.9999999999999991,8.353936209459782e-06,1.044963937602005e-05
AES-CBC,5.545079852713762,0.5000784397125244,1,0.9999999999999991,1.9049366528633963e-06,9.531504474580279e-07
AES-ECB,2.686116954000751,0.4765633344522941,1,1.0000152587890616,0.0,9.536051948089145e-07
ChaCha20,5.545081401687497,0.4999939203262329,1,0.9999999999999991,9.601990313967681e-07,0.0
RSA,5.545087449108708,0.4998038558559068,1,1.347412109374999,0.00018922992239822612,0.0016523920294275727
Blowfish,5.545033795845185,0.4998476505279541,1,0.9999999999999991,8.589722710894412e-06,8.602683010394675e-06
AES-CBC,5.545033826763605,0.4999651908874511,1,0.9999999999999991,9.458744898438445e-07,1.4319994079414742e-06
AES-ECB,2.7727718816630182,0.4375005960373529,1,1.0000152587890616,0.0,9.556515578879035e-07
ChaCha20,5.545058383322612,0.500091552734375,1,0.9999999999999991,9.513314580544822e-07,0.0
RSA,5.545086802069017,0.4998256201587697,1,1.347412109374999,0.00018766786524793117,0.001620363718757288
Blowfish,5.5450445812471525,0.4999600648880005,1,0.9999999999999991,8.386678018723608e-06,8.80959305504802e-06
AES-CBC,5.545061227806768,0.5001667737960815,1,0.9999999999999991,1.0381882020737967e-06,9.524683264316981e-07
AES-ECB,2.686108068014785,0.4453136920747059,1,1.0000152587890616,0.0,1.9090293790213747e-06
ChaCha20,5.545068678494136,0.4998414516448974,1,0.9999999999999991,9.358700481243423e-07,0.0
RSA,5.545081970456957,0.5000001769455518,1,1.347412109374999,0.00020469519768084846,0.001604378439878927
Blowfish,5.545060449520369,0.4999959468841553,1,0.9999999999999991,7.862126949476071e-06,8.602455636719233e-06
AES-CBC,5.545153548465693,0.5000996351242065,1,0.9999999999999998,3.82487996830605e-06,7.378639566013588e-06
AES-ECB,2.685987397410424,0.4843749284746445,1,1.0000030517578122,6.756636139471084e-07,1.2432792573235927e-06
ChaCha20,5.54515056817012,0.4999503135681152,1,0.9999999999999998,5.912625056225806e-07,4.737557901535182e-07
RSA,5.54515494966329,0.4997487727056532,1,1.3474121093749998,0.0002049324393738061,0.0017164818473247576
Blowfish,5.54515121694835,0.4999932050704956,1,0.9999999999999998,9.052746463567017e-06,8.417600838583892e-06
AES-CBC,5.545154477258894,0.4999982118606567,1,0.9999999999999998,1.4008492144057525e-06,1.4403667591977862e-06
AES-ECB,2.772627653132277,0.4765626192089257,1,1.0000030517578122,5.740275810239836e-07,7.773451216053217e-07
ChaCha20,5.545152922688901,0.50001060962677,1,0.9999999999999998,9.961240721167994e-07,7.792095857439562e-07
RSA,5.545156971993296,0.4998338481269251,1,1.3474121093749998,0.00023290112949325698,0.001712418088573031
Blowfish,5.545153249519615,0.4999486207962036,1,0.9999999999999998,9.36711330723483e-06,9.071391104953362e-06
AES-CBC,5.545153338651538,0.5000097751617432,1,0.9999999999999998,1.4135366654954849e-06,1.4339093468151984e-06
AES-ECB,2.772625304525129,0.5078125476835703,1,1.0000030517578122,7.752532837912439e-07,1.586613507242873e-06
ChaCha20,5.54515026502704,0.5000617265701294,1,0.9999999999999998,8.062215783866121e-07,7.816197467036544e-07
RSA,5.545156155275783,0.4996844529975992,1,1.3474121093749998,0.00021339396880648565,0.0019156937469233526
Blowfish,5.545152724468896,0.4999804258346557,1,0.9999999999999998,8.842425813782027e-06,8.182041710824704e-06
AES-CBC,5.545152215708663,0.5001174688339234,1,0.9999999999999998,1.7444108380004761e-06,2.224669515271671e-06
AES-ECB,2.772630530566561,0.507812333107504,1,1.0000030517578122,7.069502316880969e-07,8.723873179405927e-07
ChaCha20,5.545153593580363,0.5000810861587525,1,0.9999999999999998,5.913534550927578e-07,7.015387382125481e-07
RSA,5.545154436244367,0.4997536033192154,1,1.3474121093749998,0.00019322360458318144,0.0016716874597477724
Blowfish,5.545154930876157,0.5000295639038086,1,0.9999999999999998,8.239248927566221e-06,7.989956429810262e-06
AES-CBC,5.545151885937885,0.4999511241912842,1,0.9999999999999998,1.4587385521735994e-06,1.1684278433676807e-06
AES-ECB,2.6859871329965657,0.5312498807910743,1,1.0000030517578122,4.914454621030017e-07,9.019913704833014e-07
ChaCha20,5.545152803677366,0.5000397682189941,1,0.9999999999999998,5.730271368520333e-07,6.698428478557616e-07
RSA,5.545149427100718,0.4997854181294165,1,1.3474121093749998,0.00018254627320857253,0.0015519134194619253
Blowfish,5.545158075682862,0.5001231908798218,1,0.9999999999999998,8.854340194375253e-06,8.49695425131358e-06
AES-CBC,5.5451528968913735,0.5000731468200683,1,0.9999999999999998,1.3686531019629908e-06,2.0149400370428334e-06
AES-ECB,2.77262242709143,0.4843752145760663,1,1.0000030517578122,5.115452950121835e-07,8.826646080706267e-07
ChaCha20,5.5451494278023485,0.4999075889587402,1,0.9999999999999998,5.721176421502604e-07,8.121787686832248e-07
RSA,5.545156315240665,0.4997593186605363,1,1.3474121093749998,0.00018322798496228643,0.00154306426338735
Blowfish,5.545154323497975,0.4999807834625244,1,0.9999999999999998,9.073573892237617e-06,8.957931640907189e-06
AES-CBC,5.545149297739858,0.5000566720962525,1,0.9999999999999998,1.352054823655635e-06,1.38547875394579e-06
AES-ECB,2.7726302661527003,0.5312498569492891,1,1.0000030517578122,6.356003723340108e-07,9.53878043219447e-07
ChaCha20,5.54515498387435,0.5000821590423584,1,0.9999999999999998,5.051788320997729e-07,5.141373549122362e-07
RSA,5.545152484628092,0.4996334926787008,1,1.3474121093749998,0.00018809464563673825,0.0016325921023963017
Blowfish,5.545154358091124,0.5000254392623902,1,0.9999999999999998,9.531822797725907e-06,8.955248631536959e-06
AES-CBC,5.545163982238862,0.5000388145446777,1,0.9999999999999998,1.6128751667565664e-06,1.7024603948811998e-06
AES-ECB,2.6859646734966938,0.5312501430509292,1,1.0000015258789061,5.909896572120487e-07,8.667939255246892e-07
ChaCha20,5.545162570601571,0.500083041191101,1,0.9999999999999998,6.808249963796696e-07,4.85351847601123e-07
RSA,5.54516612562645,0.4998691286986537,1,1.3473876953124997,0.00019923456875403642,0.0015605568933096945
Blowfish,5.545164535758969,0.4999454617500305,1,0.9999999999999998,8.736014933674593e-06,8.091092240647411e-06
AES-CBC,5.545165197273379,0.5000241279602051,1,0.9999999999999998,1.3127873899065887e-06,1.9049366528633976e-06
AES-ECB,2.599324021158097,0.4218751072881969,1,1.0000015258789061,4.857383828493765e-07,7.83211362431757e-07
ChaCha20,5.545163046166092,0.4999228477478027,1,0.9999999999999998,5.25028553965967e-07,1.0537405614741144e-06
RSA,5.545165584637815,0.4997592789097465,1,1.3473876953124997,0.00017687113995634715,0.0015561231748506539
Blowfish,5.5451663113521805,0.4999126672744751,1,0.9999999999999998,8.677079676999709e-06,7.879384611442218e-06
AES-CBC,5.545163863938861,0.5000540971755981,1,0.9999999999999998,1.7077354641514828e-06,1.6435478755738584e-06
AES-ECB,2.7726106840909512,0.4531250596045538,1,1.0000015258789061,3.847389962174929e-07,9.478753781877456e-07
ChaCha20,5.545164035126989,0.4999470114707947,1,0.9999999999999998,4.848743628826923e-07,5.399897418101317e-07
RSA,5.545166174236671,0.4999418900279041,1,1.3473876953124997,0.00017783258954295889,0.0015460943586731444
Blowfish,5.545166143134615,0.4999217987060547,1,0.9999999999999998,8.512461135978809e-06,8.104893822746815e-06
AES-CBC,5.545165621564543,0.499927020072937,1,0.9999999999999998,1.429589246981777e-06,1.4527131497743537e-06
AES-ECB,2.6859659139052607,0.5078125238418215,1,1.0000015258789061,5.482206688611767e-07,8.102688298095017e-07
ChaCha20,5.545164270756732,0.4999538540840149,1,0.9999999999999998,4.86261342302896e-07,1.3260887499200178e-06
RSA,5.545166275867023,0.4997561469167316,1,1.3473876953124997,0.0001887700591396424,0.0015551583146589108
Blowfish,5.545165323810188,0.5000949621200561,1,0.9999999999999998,8.572760634706354e-06,8.083429747784974e-06
AES-CBC,5.545164508923508,0.5000892519950867,1,0.9999999999999998,1.458852239011321e-06,1.5251998775056563e-06
AES-ECB,2.6859646734965485,0.531250047683643,1,1.0000015258789061,5.428091753856278e-07,7.81801645644009e-07
ChaCha20,5.545165342992009,0.499975323677063,1,0.9999999999999998,6.450136424973606e-07,6.675463737337849e-07
RSA,5.545168497515965,0.4998628824074997,1,1.3473876953124997,0.0001879977162388968,0.0016293761518682002
Blowfish,5.545165551536619,0.499969744682312,1,0.9999999999999998,8.910524229577277e-06,8.026745490496976e-06
AES-CBC,5.54516448269861,0.5000073075294494,1,0.9999999999999998,1.641615199332591e-06,1.3865701475879175e-06
AES-ECB,2.7726093114752546,0.4609376192091076,1,1.0000015258789061,5.05610842083115e-07,1.2474401955842038e-06
ChaCha20,5.54516465157131,0.5001067996025086,1,0.9999999999999998,5.977199180051683e-07,6.750042302883229e-07
RSA,5.545165256936872,0.4997853700040995,1,1.3473876953124997,0.00022092574454291022,0.001651484126341529
Blowfish,5.54516656335251,0.5000690579414367,1,0.9999999999999998,8.616416380391454e-06,8.187930689018684e-06
AES-CBC,5.54516638599147,0.499980616569519,1,0.9999999999999998,1.4804300008108837e-06,1.5557361621176822e-06
AES-ECB,2.685967154313828,0.4453125596045538,1,1.0000015258789061,6.245500117074697e-07,9.968061931431291e-07
ChaCha20,5.545167025964067,0.4999640703201294,1,0.9999999999999998,5.726633389713242e-07,5.2593804866774e-07
RSA,5.5451670795826615,0.4998782769494374,1,1.3473876953124997,0.00019215533484384648,0.001612200867384672
Blowfish,5.545164968112816,0.5000247716903686,1,0.9999999999999998,9.038967618835157e-06,8.570395948481744e-06
